timestamp;acao;preco;lucro;saldo;volume_compra;volume_venda
2025-08-01 04:00:00;N/A;115081.77;0.0;1000.0;0.0;2952.50734
2025-08-01 08:00:00;N/A;115305.65;0.0;1000.0;3338.52917;0.0
2025-08-01 12:00:00;N/A;115357.82;0.0;1000.0;5325.96286;0.0
2025-08-01 16:00:00;N/A;113328.68;0.0;1000.0;0.0;4135.47502
2025-08-01 20:00:00;N/A;113297.93;0.0;1000.0;0.0;3294.30196
2025-08-02 00:00:00;N/A;113909.86;0.0;1000.0;1422.97261;0.0
2025-08-02 04:00:00;N/A;113982.49;0.0;1000.0;1674.39001;0.0
2025-08-02 08:00:00;N/A;113787.12;0.0;1000.0;0.0;1135.36227
2025-08-02 12:00:00;N/A;112840.71;0.0;1000.0;0.0;1922.72871
2025-08-02 16:00:00;N/A;112229.42;0.0;1000.0;0.0;3414.70659
2025-08-02 20:00:00;N/A;112546.35;0.0;1000.0;1937.17409;0.0
2025-08-03 00:00:00;N/A;113604.2;0.0;1000.0;2106.5441;0.0
2025-08-03 04:00:00;N/A;113700.0;0.0;1000.0;764.27697;0.0
2025-08-03 08:00:00;N/A;113862.18;0.0;1000.0;1260.20877;0.0
2025-08-03 12:00:00;N/A;113959.06;0.0;1000.0;1131.56686;0.0
2025-08-03 16:00:00;N/A;114313.19;0.0;1000.0;1254.96509;0.0
2025-08-03 20:00:00;N/A;114208.8;0.0;1000.0;0.0;880.19867
2025-08-04 00:00:00;N/A;114570.61;0.0;1000.0;1525.00586;0.0
2025-08-04 04:00:00;N/A;114652.97;0.0;1000.0;1221.27307;0.0
2025-08-04 08:00:00;N/A;114493.09;0.0;1000.0;0.0;1188.64494
2025-08-04 12:00:00;N/A;114826.0;0.0;1000.0;2885.46126;0.0
2025-08-04 16:00:00;N/A;114777.62;0.0;1000.0;0.0;1843.11618
2025-08-04 20:00:00;N/A;115055.03;0.0;1000.0;1004.17785;0.0
2025-08-05 00:00:00;N/A;114256.85;0.0;1000.0;0.0;1398.92395
2025-08-05 04:00:00;N/A;113969.7;0.0;1000.0;0.0;2125.54323
2025-08-05 08:00:00;N/A;114827.07;0.0;1000.0;1593.56232;0.0
2025-08-05 12:00:00;N/A;112934.0;0.0;1000.0;0.0;4590.4684
2025-08-05 16:00:00;N/A;113616.52;0.0;1000.0;1434.52074;0.0
2025-08-05 20:00:00;N/A;114129.75;0.0;1000.0;899.77214;0.0
2025-08-06 00:00:00;N/A;113509.97;0.0;1000.0;0.0;1061.53764
2025-08-06 04:00:00;N/A;114227.91;0.0;1000.0;1437.03071;0.0
2025-08-06 08:00:00;N/A;114226.69;0.0;1000.0;0.0;1280.29764
2025-08-06 12:00:00;N/A;115413.87;0.0;1000.0;3509.68013;0.0
2025-08-06 16:00:00;N/A;115259.99;0.0;1000.0;0.0;1727.95909
2025-08-06 20:00:00;N/A;114992.27;0.0;1000.0;0.0;744.64797
2025-08-07 00:00:00;N/A;114546.03;0.0;1000.0;0.0;1192.91433
2025-08-07 04:00:00;N/A;114787.99;0.0;1000.0;1290.96115;0.0
2025-08-07 08:00:00;N/A;116519.53;0.0;1000.0;3698.10885;0.0
2025-08-07 12:00:00;N/A;116689.81;0.0;1000.0;2746.73177;0.0
2025-08-07 16:00:00;N/A;117461.98;0.0;1000.0;2735.62556;0.0
2025-08-07 20:00:00;N/A;117472.01;0.0;1000.0;1804.22097;0.0
2025-08-08 00:00:00;N/A;116737.35;0.0;1000.0;0.0;2393.91974
2025-08-08 04:00:00;N/A;116817.19;0.0;1000.0;1456.27491;0.0
2025-08-08 08:00:00;N/A;116891.51;0.0;1000.0;1108.98011;0.0
2025-08-08 12:00:00;N/A;116207.69;0.0;1000.0;0.0;2540.81848
2025-08-08 16:00:00;N/A;116453.41;0.0;1000.0;1690.79713;0.0
2025-08-08 20:00:00;N/A;116674.74;0.0;1000.0;854.52241;0.0
2025-08-09 00:00:00;N/A;116384.01;0.0;1000.0;0.0;971.89236
2025-08-09 04:00:00;N/A;116756.01;0.0;1000.0;2021.01259;0.0
2025-08-09 08:00:00;N/A;117110.0;0.0;1000.0;2353.3714;0.0
2025-08-09 12:00:00;N/A;116892.47;0.0;1000.0;0.0;1382.66437
2025-08-09 16:00:00;N/A;116535.69;0.0;1000.0;0.0;1202.78039
2025-08-09 20:00:00;N/A;116462.25;0.0;1000.0;0.0;1582.41033
2025-08-10 00:00:00;N/A;118500.0;0.0;1000.0;3892.68324;0.0
2025-08-10 04:00:00;N/A;117808.3;0.0;1000.0;0.0;2444.0838
2025-08-10 08:00:00;N/A;118330.58;0.0;1000.0;1506.32503;0.0
2025-08-10 12:00:00;N/A;118815.0;0.0;1000.0;2809.2276;0.0
2025-08-10 16:00:00;N/A;118663.08;0.0;1000.0;0.0;995.85812
2025-08-10 20:00:00;N/A;119294.01;0.0;1000.0;2674.59294;0.0
2025-08-11 00:00:00;N/A;121728.99;0.0;1000.0;7626.19257;0.0
2025-08-11 04:00:00;N/A;121537.15;0.0;1000.0;0.0;4279.8879
2025-08-11 08:00:00;N/A;120561.54;0.0;1000.0;0.0;4216.26732
2025-08-11 12:00:00;N/A;120314.4;0.0;1000.0;0.0;5236.26223
2025-08-11 16:00:00;N/A;119089.3;0.0;1000.0;0.0;2812.92272
2025-08-11 20:00:00;N/A;118686.0;0.0;1000.0;0.0;2322.80155
2025-08-12 00:00:00;N/A;118857.7;0.0;1000.0;1894.63528;0.0
2025-08-12 04:00:00;N/A;118986.72;0.0;1000.0;3135.38397;0.0
2025-08-12 08:00:00;N/A;118522.22;0.0;1000.0;0.0;2346.379
2025-08-12 12:00:00;N/A;119933.0;0.0;1000.0;4914.05441;0.0
2025-08-12 16:00:00;N/A;119665.27;0.0;1000.0;0.0;2309.07117
2025-08-12 20:00:00;N/A;120134.08;0.0;1000.0;2120.5851;0.0
2025-08-13 00:00:00;N/A;119482.01;0.0;1000.0;0.0;2361.00135
2025-08-13 04:00:00;N/A;119580.4;0.0;1000.0;2324.10298;0.0
2025-08-13 08:00:00;N/A;120570.41;0.0;1000.0;3213.18528;0.0
2025-08-13 12:00:00;N/A;120920.62;0.0;1000.0;7228.67197;0.0
2025-08-13 16:00:00;N/A;122744.21;0.0;1000.0;4167.90157;0.0
2025-08-13 20:00:00;N/A;123306.43;0.0;1000.0;3915.20787;0.0
2025-08-14 00:00:00;N/A;123337.14;0.0;1000.0;3481.676316;0.0
2025-08-14 04:00:00;N/A;121725.31;0.0;1000.0;0.0;3755.65744
2025-08-14 08:00:00;N/A;120949.67;0.0;1000.0;0.0;3456.28874
2025-08-14 12:00:00;N/A;118257.25;0.0;1000.0;0.0;11617.06761
2025-08-14 16:00:00;N/A;117945.92;0.0;1000.0;0.0;3545.40524
2025-08-14 20:00:00;N/A;118295.09;0.0;1000.0;2124.85224;0.0
2025-08-15 00:00:00;N/A;118968.91;0.0;1000.0;1883.55436;0.0
2025-08-15 04:00:00;N/A;118956.45;0.0;1000.0;0.0;1732.90691
2025-08-15 08:00:00;N/A;119006.01;0.0;1000.0;1129.82607;0.0
2025-08-15 12:00:00;N/A;117275.22;0.0;1000.0;0.0;5128.8936
2025-08-15 16:00:00;N/A;116936.27;0.0;1000.0;0.0;2393.46089
2025-08-15 20:00:00;N/A;117342.05;0.0;1000.0;1354.69691;0.0
2025-08-16 00:00:00;N/A;117429.63;0.0;1000.0;1420.5255;0.0
2025-08-16 04:00:00;N/A;117596.07;0.0;1000.0;925.25596;0.0
2025-08-16 08:00:00;N/A;117378.52;0.0;1000.0;0.0;1206.0413
2025-08-16 12:00:00;N/A;117676.7;0.0;1000.0;1191.50027;0.0
2025-08-16 16:00:00;N/A;117672.12;0.0;1000.0;0.0;817.42683
2025-08-16 20:00:00;N/A;117380.66;0.0;1000.0;0.0;832.93131
2025-08-17 00:00:00;N/A;117684.95;0.0;1000.0;770.53091;0.0
2025-08-17 04:00:00;N/A;118005.98;0.0;1000.0;1109.68335;0.0
2025-08-17 08:00:00;N/A;118308.01;0.0;1000.0;1007.67549;0.0
2025-08-17 12:00:00;N/A;118246.16;0.0;1000.0;0.0;974.27271
2025-08-17 16:00:00;N/A;117570.07;0.0;1000.0;0.0;1326.17558
2025-08-17 20:00:00;N/A;117405.01;0.0;1000.0;0.0;710.30388
2025-08-18 00:00:00;COMPRA;115319.0;0.0;1000.0;0.0;5801.42298
2025-08-18 04:00:00;N/A;115205.98;0.0;1000.0;0.0;3433.42415
2025-08-18 08:00:00;N/A;114947.27;0.0;1000.0;0.0;2793.98984
2025-08-18 12:00:00;N/A;116145.34;0.0;1000.0;2772.17945;0.0
2025-08-18 16:00:00;N/A;116313.99;0.0;1000.0;1731.37273;0.0
2025-08-18 20:00:00;N/A;116227.05;0.0;1000.0;0.0;1213.55039
2025-08-19 00:00:00;STOP LOSS;114810.0;-5.404020066077578;993.5959799339225;0.0;2390.89748
2025-08-19 04:00:00;N/A;114978.14;0.0;993.5959799339225;2499.12321;0.0
2025-08-19 08:00:00;N/A;115508.71;0.0;993.5959799339225;1471.04277;0.0
2025-08-19 12:00:00;COMPRA;113786.38;0.0;993.5959799339225;0.0;5294.46316
2025-08-19 16:00:00;N/A;113132.48;0.0;993.5959799339225;0.0;3784.35052
2025-08-19 20:00:00;N/A;112872.94;0.0;993.5959799339225;0.0;2625.5971
2025-08-20 00:00:00;N/A;113525.91;0.0;993.5959799339225;3116.70576;0.0
2025-08-20 04:00:00;N/A;113490.13;0.0;993.5959799339225;0.0;1367.41482
2025-08-20 08:00:00;N/A;113666.68;0.0;993.5959799339225;2352.50644;0.0
2025-08-20 12:00:00;N/A;113353.94;0.0;993.5959799339225;0.0;4605.43198
2025-08-20 16:00:00;N/A;114276.66;0.0;993.5959799339225;2624.00614;0.0
2025-08-20 20:00:00;N/A;114271.24;0.0;993.5959799339225;0.0;1570.2768
2025-08-21 00:00:00;N/A;113954.62;0.0;993.5959799339225;0.0;1626.72781
2025-08-21 04:00:00;N/A;113896.03;0.0;993.5959799339225;0.0;1612.36321
2025-08-21 08:00:00;N/A;113148.66;0.0;993.5959799339225;0.0;1509.65106
2025-08-21 12:00:00;STOP LOSS;112792.08;-9.657590283341278;982.9447936706473;0.0;2521.11028
2025-08-21 16:00:00;N/A;112193.71;0.0;982.9447936706473;0.0;2468.80417
2025-08-21 20:00:00;N/A;112500.0;0.0;982.9447936706473;1101.03582;0.0
2025-08-22 00:00:00;N/A;112929.24;0.0;982.9447936706473;1610.19525;0.0
2025-08-22 04:00:00;N/A;113094.83;0.0;982.9447936706473;1656.2572;0.0
2025-08-22 08:00:00;N/A;112320.0;0.0;982.9447936706473;0.0;1932.43574
2025-08-22 12:00:00;N/A;116370.75;0.0;982.9447936706473;11505.26127;0.0
2025-08-22 16:00:00;N/A;116655.79;0.0;982.9447936706473;4307.94644;0.0
2025-08-22 20:00:00;N/A;116935.99;0.0;982.9447936706473;2115.99447;0.0
2025-08-23 00:00:00;N/A;115568.77;0.0;982.9447936706473;0.0;2647.58419
2025-08-23 04:00:00;N/A;115799.47;0.0;982.9447936706473;2258.18362;0.0
2025-08-23 08:00:00;N/A;115310.13;0.0;982.9447936706473;0.0;1313.89391
2025-08-23 12:00:00;N/A;114812.87;0.0;982.9447936706473;0.0;3027.56166
2025-08-23 16:00:00;N/A;115133.91;0.0;982.9447936706473;1105.55067;0.0
2025-08-23 20:00:00;N/A;115438.05;0.0;982.9447936706473;976.58792;0.0
2025-08-24 00:00:00;N/A;115036.0;0.0;982.9447936706473;0.0;1995.92433
2025-08-24 04:00:00;N/A;114888.19;0.0;982.9447936706473;0.0;1715.6873
2025-08-24 08:00:00;N/A;114730.22;0.0;982.9447936706473;0.0;2223.47925
2025-08-24 12:00:00;N/A;114400.0;0.0;982.9447936706473;0.0;2662.01905
2025-08-24 16:00:00;N/A;112600.0;0.0;982.9447936706473;0.0;8322.01988
2025-08-24 20:00:00;N/A;113493.59;0.0;982.9447936706473;4256.85481;0.0
2025-08-25 00:00:00;N/A;112916.84;0.0;982.9447936706473;0.0;2384.9729
2025-08-25 04:00:00;COMPRA;111511.55;0.0;982.9447936706473;0.0;4054.02521
2025-08-25 08:00:00;N/A;111214.97;0.0;982.9447936706473;0.0;4028.25788
2025-08-25 12:00:00;N/A;112200.64;0.0;982.9447936706473;4593.3206;0.0
2025-08-25 16:00:00;STOP LOSS;110716.13;-7.979362761516768;973.9824861154598;0.0;3109.40411
2025-08-25 20:00:00;COMPRA;110111.98;0.0;973.9824861154598;0.0;7012.81309
2025-08-26 00:00:00;N/A;109879.56;0.0;973.9824861154598;0.0;4155.39206
2025-08-26 04:00:00;N/A;110303.2;0.0;973.9824861154598;1910.05232;0.0
2025-08-26 08:00:00;N/A;109876.52;0.0;973.9824861154598;0.0;1852.10166
2025-08-26 12:00:00;N/A;109666.33;0.0;973.9824861154598;0.0;4559.68511
2025-08-26 16:00:00;N/A;111116.03;0.0;973.9824861154598;3548.51055;0.0
2025-08-26 20:00:00;N/A;111763.22;0.0;973.9824861154598;2426.69707;0.0
2025-08-27 00:00:00;N/A;111418.15;0.0;973.9824861154598;0.0;2172.27313
2025-08-27 04:00:00;N/A;110725.18;0.0;973.9824861154598;0.0;1809.80294
2025-08-27 08:00:00;N/A;111322.07;0.0;973.9824861154598;1594.26753;0.0
2025-08-27 12:00:00;N/A;112000.0;0.0;973.9824861154598;3310.1006;0.0
2025-08-27 16:00:00;N/A;112080.69;0.0;973.9824861154598;1902.42552;0.0
2025-08-27 20:00:00;N/A;111262.01;0.0;973.9824861154598;0.0;2603.73903
2025-08-28 00:00:00;N/A;112000.01;0.0;973.9824861154598;1203.77782;0.0
2025-08-28 04:00:00;VENDA;113114.11;25.52889365980252;998.5373972891468;2481.91862;0.0
2025-08-28 08:00:00;N/A;112909.18;0.0;998.5373972891468;0.0;1419.04336
2025-08-28 12:00:00;N/A;112678.53;0.0;998.5373972891468;0.0;3088.9335
2025-08-28 16:00:00;N/A;111901.36;0.0;998.5373972891468;0.0;1813.29699
2025-08-28 20:00:00;N/A;112566.9;0.0;998.5373972891468;1097.30715;0.0
2025-08-29 00:00:00;N/A;111704.23;0.0;998.5373972891468;0.0;2123.00621
2025-08-29 04:00:00;N/A;110019.38;0.0;998.5373972891468;0.0;4260.9718
2025-08-29 08:00:00;N/A;110098.81;0.0;998.5373972891468;2848.31026;0.0
2025-08-29 12:00:00;COMPRA;108386.23;0.0;998.5373972891468;0.0;7729.2804
2025-08-29 16:00:00;N/A;108212.01;0.0;998.5373972891468;0.0;2605.64538
2025-08-29 20:00:00;N/A;108377.4;0.0;998.5373972891468;3013.0964;0.0
2025-08-30 00:00:00;N/A;108436.2;0.0;998.5373972891468;3244.13736;0.0
2025-08-30 04:00:00;N/A;108524.26;0.0;998.5373972891468;3052.32523;0.0
2025-08-30 08:00:00;N/A;108680.01;0.0;998.5373972891468;1416.9539;0.0
2025-08-30 12:00:00;N/A;108869.98;0.0;998.5373972891468;1540.53972;0.0
2025-08-30 16:00:00;N/A;108828.33;0.0;998.5373972891468;0.0;677.58629
2025-08-30 20:00:00;N/A;108816.33;0.0;998.5373972891468;0.0;776.84909
2025-08-31 00:00:00;N/A;109223.84;0.0;998.5373972891468;1756.83146;0.0
2025-08-31 04:00:00;N/A;108708.26;0.0;998.5373972891468;0.0;1177.25929
2025-08-31 08:00:00;N/A;108389.76;0.0;998.5373972891468;0.0;1590.89462
2025-08-31 12:00:00;N/A;108818.69;0.0;998.5373972891468;2441.88905;0.0
2025-08-31 16:00:00;N/A;108930.0;0.0;998.5373972891468;1232.50315;0.0
2025-08-31 20:00:00;N/A;108246.35;0.0;998.5373972891468;0.0;1290.13839
2025-09-01 00:00:00;STOP LOSS;107660.01;-7.674662311457951;989.8641975803998;0.0;3206.34097
2025-09-01 04:00:00;N/A;109432.99;0.0;989.8641975803998;2904.1728;0.0
2025-09-01 08:00:00;N/A;108782.88;0.0;989.8641975803998;0.0;3111.29125
2025-09-01 12:00:00;N/A;108784.33;0.0;989.8641975803998;2266.34513;0.0
2025-09-01 16:00:00;N/A;109217.64;0.0;989.8641975803998;1553.15049;0.0
2025-09-01 20:00:00;N/A;109237.42;0.0;989.8641975803998;3012.30155;0.0
2025-09-02 00:00:00;N/A;110322.18;0.0;989.8641975803998;3166.02008;0.0
2025-09-02 04:00:00;N/A;110233.92;0.0;989.8641975803998;0.0;1952.71608
2025-09-02 08:00:00;N/A;109733.34;0.0;989.8641975803998;0.0;2462.01591
2025-09-02 12:00:00;N/A;110829.17;0.0;989.8641975803998;6768.89317;0.0
2025-09-02 16:00:00;N/A;110806.0;0.0;989.8641975803998;0.0;2585.23037
2025-09-02 20:00:00;N/A;111240.01;0.0;989.8641975803998;1575.41195;0.0
2025-09-03 00:00:00;N/A;111054.01;0.0;989.8641975803998;0.0;2263.61693
2025-09-03 04:00:00;N/A;111099.88;0.0;989.8641975803998;1539.69973;0.0
2025-09-03 08:00:00;N/A;111437.77;0.0;989.8641975803998;1514.83708;0.0
2025-09-03 12:00:00;N/A;112222.74;0.0;989.8641975803998;3550.00487;0.0
2025-09-03 16:00:00;N/A;112193.74;0.0;989.8641975803998;0.0;1957.30873
2025-09-03 20:00:00;N/A;111705.71;0.0;989.8641975803998;0.0;948.2535
2025-09-04 00:00:00;N/A;111148.97;0.0;989.8641975803998;0.0;1484.75903
2025-09-04 04:00:00;N/A;110463.36;0.0;989.8641975803998;0.0;2293.72804
2025-09-04 08:00:00;N/A;110810.0;0.0;989.8641975803998;1251.00126;0.0
2025-09-04 12:00:00;N/A;109510.31;0.0;989.8641975803998;0.0;3057.95062
2025-09-04 16:00:00;N/A;109799.99;0.0;989.8641975803998;2124.63495;0.0
2025-09-04 20:00:00;N/A;110730.87;0.0;989.8641975803998;1991.06146;0.0
2025-09-05 00:00:00;N/A;111311.77;0.0;989.8641975803998;1665.5758;0.0
2025-09-05 04:00:00;N/A;112954.32;0.0;989.8641975803998;3481.17531;0.0
2025-09-05 08:00:00;N/A;112354.0;0.0;989.8641975803998;0.0;1956.82884
2025-09-05 12:00:00;N/A;110716.82;0.0;989.8641975803998;0.0;9805.88987
2025-09-05 16:00:00;N/A;111614.54;0.0;989.8641975803998;2167.09419;0.0
2025-09-05 20:00:00;N/A;110659.99;0.0;989.8641975803998;0.0;2510.84487
2025-09-06 00:00:00;N/A;111082.22;0.0;989.8641975803998;800.18218;0.0
2025-09-06 04:00:00;N/A;110825.6;0.0;989.8641975803998;0.0;687.98406
2025-09-06 08:00:00;N/A;110781.02;0.0;989.8641975803998;0.0;621.90211
2025-09-06 12:00:00;N/A;110384.15;0.0;989.8641975803998;0.0;886.00942
2025-09-06 16:00:00;N/A;110038.41;0.0;989.8641975803998;0.0;1391.66059
2025-09-06 20:00:00;N/A;110187.97;0.0;989.8641975803998;612.56061;0.0
2025-09-07 00:00:00;N/A;110629.15;0.0;989.8641975803998;948.63792;0.0
2025-09-07 04:00:00;N/A;110753.42;0.0;989.8641975803998;872.74711;0.0
2025-09-07 08:00:00;N/A;111292.13;0.0;989.8641975803998;1214.41306;0.0
2025-09-07 12:00:00;N/A;111329.99;0.0;989.8641975803998;837.52385;0.0
2025-09-07 16:00:00;N/A;111259.99;0.0;989.8641975803998;0.0;940.48526
2025-09-07 20:00:00;N/A;111137.34;0.0;989.8641975803998;0.0;867.49224
2025-09-08 00:00:00;N/A;111052.11;0.0;989.8641975803998;0.0;1701.47085
2025-09-08 04:00:00;N/A;111280.39;0.0;989.8641975803998;1330.12513;0.0
2025-09-08 08:00:00;N/A;112052.43;0.0;989.8641975803998;2723.68786;0.0
2025-09-08 12:00:00;N/A;112631.75;0.0;989.8641975803998;3018.22348;0.0
2025-09-08 16:00:00;N/A;112097.31;0.0;989.8641975803998;0.0;1681.81458
2025-09-08 20:00:00;N/A;112065.23;0.0;989.8641975803998;0.0;1127.08021
2025-09-09 00:00:00;N/A;111708.0;0.0;989.8641975803998;0.0;2091.77038
2025-09-09 04:00:00;N/A;112991.11;0.0;989.8641975803998;2906.5944;0.0
2025-09-09 08:00:00;N/A;112433.59;0.0;989.8641975803998;0.0;1848.92022
2025-09-09 12:00:00;N/A;110880.76;0.0;989.8641975803998;0.0;4662.13241
2025-09-09 16:00:00;N/A;111301.53;0.0;989.8641975803998;2121.49527;0.0
2025-09-09 20:00:00;N/A;111546.39;0.0;989.8641975803998;1748.3698;0.0
2025-09-10 00:00:00;N/A;111545.88;0.0;989.8641975803998;0.0;1667.04272
2025-09-10 04:00:00;N/A;112553.65;0.0;989.8641975803998;2477.2586;0.0
2025-09-10 08:00:00;N/A;112299.99;0.0;989.8641975803998;0.0;2579.59736
2025-09-10 12:00:00;N/A;113853.99;0.0;989.8641975803998;6630.72074;0.0
2025-09-10 16:00:00;N/A;113574.52;0.0;989.8641975803998;0.0;2628.46871
2025-09-10 20:00:00;N/A;113960.0;0.0;989.8641975803998;1534.3301;0.0
2025-09-11 00:00:00;N/A;114400.01;0.0;989.8641975803998;1596.62879;0.0
2025-09-11 04:00:00;N/A;114083.58;0.0;989.8641975803998;0.0;1954.14285
2025-09-11 08:00:00;N/A;113999.99;0.0;989.8641975803998;0.0;1512.60333
2025-09-11 12:00:00;N/A;114180.31;0.0;989.8641975803998;5143.69337;0.0
2025-09-11 16:00:00;N/A;114419.99;0.0;989.8641975803998;1437.71411;0.0
2025-09-11 20:00:00;N/A;115482.69;0.0;989.8641975803998;2031.94874;0.0
2025-09-12 00:00:00;N/A;115194.14;0.0;989.8641975803998;0.0;3703.00155
2025-09-12 04:00:00;N/A;115086.7;0.0;989.8641975803998;0.0;1630.41759
2025-09-12 08:00:00;N/A;114913.45;0.0;989.8641975803998;0.0;1958.78975
2025-09-12 12:00:00;N/A;115121.18;0.0;989.8641975803998;2042.13901;0.0
2025-09-12 16:00:00;N/A;116632.51;0.0;989.8641975803998;3863.84437;0.0
2025-09-12 20:00:00;N/A;116029.42;0.0;989.8641975803998;0.0;2125.91492
2025-09-13 00:00:00;N/A;115957.0;0.0;989.8641975803998;0.0;2254.31226
2025-09-13 04:00:00;N/A;115778.71;0.0;989.8641975803998;0.0;1062.2047
2025-09-13 08:00:00;N/A;115974.11;0.0;989.8641975803998;1228.90503;0.0
2025-09-13 12:00:00;N/A;115768.68;0.0;989.8641975803998;0.0;1373.33567
2025-09-13 16:00:00;N/A;115797.12;0.0;989.8641975803998;1589.96184;0.0
2025-09-13 20:00:00;N/A;115918.29;0.0;989.8641975803998;760.68444;0.0
2025-09-14 00:00:00;N/A;115679.98;0.0;989.8641975803998;0.0;879.64203
2025-09-14 04:00:00;N/A;115805.39;0.0;989.8641975803998;914.78349;0.0
2025-09-14 08:00:00;N/A;115794.91;0.0;989.8641975803998;0.0;840.40714
2025-09-14 12:00:00;N/A;115224.01;0.0;989.8641975803998;0.0;2036.51269
2025-09-14 16:00:00;N/A;115634.99;0.0;989.8641975803998;869.12927;0.0
2025-09-14 20:00:00;N/A;115268.01;0.0;989.8641975803998;0.0;1167.12735
2025-09-15 00:00:00;N/A;115445.45;0.0;989.8641975803998;1291.49944;0.0
2025-09-15 04:00:00;N/A;115806.62;0.0;989.8641975803998;2645.45158;0.0
2025-09-15 08:00:00;N/A;115070.0;0.0;989.8641975803998;0.0;3497.27876
2025-09-15 12:00:00;COMPRA;114842.9;0.0;989.8641975803998;0.0;2995.41636
2025-09-15 16:00:00;N/A;115307.78;0.0;989.8641975803998;1872.69025;0.0
2025-09-15 20:00:00;N/A;115349.71;0.0;989.8641975803998;910.1751;0.0
2025-09-16 00:00:00;N/A;115307.25;0.0;989.8641975803998;0.0;864.47636
2025-09-16 04:00:00;N/A;115840.0;0.0;989.8641975803998;1899.99942;0.0
2025-09-16 08:00:00;N/A;115287.83;0.0;989.8641975803998;0.0;1345.53241
2025-09-16 12:00:00;N/A;115905.88;0.0;989.8641975803998;2622.65829;0.0
2025-09-16 16:00:00;VENDA;116800.12;15.84724856285834;1004.7215819456778;2955.38019;0.0
2025-09-16 20:00:00;N/A;116788.96;0.0;1004.7215819456778;0.0;1238.86273
2025-09-17 00:00:00;N/A;116372.04;0.0;1004.7215819456778;0.0;1657.75299
2025-09-17 04:00:00;N/A;117162.48;0.0;1004.7215819456778;2485.03317;0.0
2025-09-17 08:00:00;N/A;116258.13;0.0;1004.7215819456778;0.0;1655.0881
2025-09-17 12:00:00;N/A;115875.32;0.0;1004.7215819456778;0.0;2848.33061
2025-09-17 16:00:00;N/A;115652.02;0.0;1004.7215819456778;0.0;5738.81221
2025-09-17 20:00:00;N/A;116447.59;0.0;1004.7215819456778;2369.22832;0.0
2025-09-18 00:00:00;N/A;117581.66;0.0;1004.7215819456778;3081.68078;0.0
2025-09-18 04:00:00;N/A;117086.01;0.0;1004.7215819456778;0.0;1789.62789
2025-09-18 08:00:00;N/A;117063.4;0.0;1004.7215819456778;0.0;1165.75229
2025-09-18 12:00:00;N/A;117583.56;0.0;1004.7215819456778;2416.33194;0.0
2025-09-18 16:00:00;N/A;117450.21;0.0;1004.7215819456778;0.0;1828.6235
2025-09-18 20:00:00;N/A;117073.53;0.0;1004.7215819456778;0.0;1375.21725
2025-09-19 00:00:00;N/A;116977.58;0.0;1004.7215819456778;0.0;1326.38784
2025-09-19 04:00:00;N/A;116909.97;0.0;1004.7215819456778;0.0;1538.09106
2025-09-19 08:00:00;N/A;116394.72;0.0;1004.7215819456778;0.0;1243.82831
2025-09-19 12:00:00;N/A;115884.03;0.0;1004.7215819456778;0.0;2657.87565
2025-09-19 16:00:00;COMPRA;115125.12;0.0;1004.7215819456778;0.0;1413.65495
2025-09-19 20:00:00;N/A;115632.38;0.0;1004.7215819456778;812.25284;0.0
2025-09-20 00:00:00;N/A;115445.0;0.0;1004.7215819456778;0.0;717.06298
2025-09-20 04:00:00;N/A;115968.56;0.0;1004.7215819456778;759.46126;0.0
2025-09-20 08:00:00;N/A;115894.06;0.0;1004.7215819456778;0.0;793.04586
2025-09-20 12:00:00;N/A;115986.69;0.0;1004.7215819456778;836.91424;0.0
2025-09-20 16:00:00;N/A;115702.0;0.0;1004.7215819456778;0.0;898.20806
2025-09-20 20:00:00;N/A;115685.63;0.0;1004.7215819456778;0.0;670.23512
2025-09-21 00:00:00;N/A;115669.41;0.0;1004.7215819456778;0.0;919.05922
2025-09-21 04:00:00;N/A;115815.97;0.0;1004.7215819456778;806.9398;0.0
2025-09-21 08:00:00;N/A;115603.45;0.0;1004.7215819456778;0.0;786.85295
2025-09-21 12:00:00;N/A;115531.61;0.0;1004.7215819456778;0.0;671.3204
2025-09-21 16:00:00;N/A;115480.05;0.0;1004.7215819456778;0.0;781.11646
2025-09-21 20:00:00;N/A;115232.29;0.0;1004.7215819456778;0.0;546.23336
2025-09-22 00:00:00;STOP LOSS;114649.89;-5.142860143663711;998.5740002200685;0.0;3078.59053
2025-09-22 04:00:00;COMPRA;112519.99;0.0;998.5740002200685;0.0;7290.80289
2025-09-22 08:00:00;N/A;112876.97;0.0;998.5740002200685;3052.23045;0.0
2025-09-22 12:00:00;N/A;112815.5;0.0;998.5740002200685;0.0;3313.50245
2025-09-22 16:00:00;N/A;112122.9;0.0;998.5740002200685;0.0;2731.51753
2025-09-22 20:00:00;N/A;112650.99;0.0;998.5740002200685;1315.06971;0.0
2025-09-23 00:00:00;N/A;112339.99;0.0;998.5740002200685;0.0;2398.09582
2025-09-23 04:00:00;N/A;113090.13;0.0;998.5740002200685;2504.81638;0.0
2025-09-23 08:00:00;N/A;112975.99;0.0;998.5740002200685;0.0;1814.57634
2025-09-23 12:00:00;N/A;112882.19;0.0;998.5740002200685;0.0;1948.83266
2025-09-23 16:00:00;STOP LOSS;111655.29;-8.656133408506093;988.9192928113424;0.0;2394.18192
2025-09-23 20:00:00;N/A;111998.8;0.0;988.9192928113424;1240.81718;0.0
2025-09-24 00:00:00;N/A;111683.09;0.0;988.9192928113424;0.0;2848.03309
2025-09-24 04:00:00;N/A;112583.54;0.0;988.9192928113424;2905.68984;0.0
2025-09-24 08:00:00;N/A;113029.46;0.0;988.9192928113424;1567.72874;0.0
2025-09-24 12:00:00;N/A;113346.41;0.0;988.9192928113424;2535.05067;0.0
2025-09-24 16:00:00;N/A;113420.01;0.0;988.9192928113424;1318.69585;0.0
2025-09-24 20:00:00;N/A;113307.0;0.0;988.9192928113424;0.0;1194.06148
2025-09-25 00:00:00;N/A;112546.21;0.0;988.9192928113424;0.0;3049.61418
2025-09-25 04:00:00;N/A;111766.72;0.0;988.9192928113424;0.0;2930.2095
2025-09-25 08:00:00;COMPRA;111348.0;0.0;988.9192928113424;0.0;2287.76235
2025-09-25 12:00:00;N/A;111580.77;0.0;988.9192928113424;4734.75828;0.0
2025-09-25 16:00:00;STOP LOSS;109360.0;-18.608737006527576;969.3216365120035;0.0;6129.42446
2025-09-25 20:00:00;COMPRA;108994.49;0.0;969.3216365120035;0.0;2099.3808
2025-09-26 00:00:00;N/A;109580.01;0.0;969.3216365120035;2323.19574;0.0
2025-09-26 04:00:00;N/A;109320.02;0.0;969.3216365120035;0.0;3055.89804
2025-09-26 08:00:00;N/A;109133.5;0.0;969.3216365120035;0.0;2675.46214
2025-09-26 12:00:00;N/A;109027.78;0.0;969.3216365120035;0.0;3241.9244
2025-09-26 16:00:00;N/A;109172.2;0.0;969.3216365120035;2093.42859;0.0
2025-09-26 20:00:00;N/A;109643.46;0.0;969.3216365120035;853.107;0.0
2025-09-27 00:00:00;N/A;109553.77;0.0;969.3216365120035;0.0;1041.65919
2025-09-27 04:00:00;N/A;109411.2;0.0;969.3216365120035;0.0;908.84116
2025-09-27 08:00:00;N/A;109310.21;0.0;969.3216365120035;0.0;1356.29029
2025-09-27 12:00:00;N/A;109402.24;0.0;969.3216365120035;1151.38343;0.0
2025-09-27 16:00:00;N/A;109424.2;0.0;969.3216365120035;590.81859;0.0
2025-09-27 20:00:00;N/A;109635.85;0.0;969.3216365120035;452.79377;0.0
2025-09-28 00:00:00;N/A;109436.0;0.0;969.3216365120035;0.0;822.14827
2025-09-28 04:00:00;N/A;109513.06;0.0;969.3216365120035;569.05076;0.0
2025-09-28 08:00:00;N/A;109369.02;0.0;969.3216365120035;0.0;862.93461
2025-09-28 12:00:00;N/A;110037.93;0.0;969.3216365120035;1349.20291;0.0
2025-09-28 16:00:00;N/A;110337.6;0.0;969.3216365120035;1215.77694;0.0
2025-09-28 20:00:00;VENDA;112163.95;27.162287811770966;995.5146026872625;2723.21811;0.0
2025-09-29 00:00:00;N/A;111857.51;0.0;995.5146026872625;0.0;2297.47362
2025-09-29 04:00:00;N/A;111865.95;0.0;995.5146026872625;1831.36016;0.0
2025-09-29 08:00:00;N/A;112100.0;0.0;995.5146026872625;2126.24195;0.0
2025-09-29 12:00:00;N/A;113815.57;0.0;995.5146026872625;5064.79852;0.0
2025-09-29 16:00:00;N/A;114265.55;0.0;995.5146026872625;2716.40525;0.0
2025-09-29 20:00:00;N/A;114311.96;0.0;995.5146026872625;1504.84055;0.0
2025-09-30 00:00:00;N/A;114376.39;0.0;995.5146026872625;2494.38118;0.0
2025-09-30 04:00:00;N/A;113699.23;0.0;995.5146026872625;0.0;2326.82117
2025-09-30 08:00:00;N/A;113055.01;0.0;995.5146026872625;0.0;2869.29172
2025-09-30 12:00:00;N/A;113106.16;0.0;995.5146026872625;2840.28661;0.0
2025-09-30 16:00:00;N/A;114359.99;0.0;995.5146026872625;2535.88761;0.0
2025-09-30 20:00:00;N/A;114048.93;0.0;995.5146026872625;0.0;1977.48804
2025-10-01 00:00:00;N/A;114176.92;0.0;995.5146026872625;2042.57116;0.0
2025-10-01 04:00:00;N/A;114539.02;0.0;995.5146026872625;1996.43364;0.0
2025-10-01 08:00:00;N/A;116789.58;0.0;995.5146026872625;5217.93036;0.0
2025-10-01 12:00:00;N/A;117423.73;0.0;995.5146026872625;4518.346;0.0
2025-10-01 16:00:00;N/A;117439.53;0.0;995.5146026872625;3814.32316;0.0
2025-10-01 20:00:00;N/A;118594.99;0.0;995.5146026872625;2446.79084;0.0
2025-10-02 00:00:00;N/A;118733.99;0.0;995.5146026872625;4187.34775;0.0
2025-10-02 04:00:00;N/A;118489.76;0.0;995.5146026872625;0.0;1772.36438
2025-10-02 08:00:00;N/A;118765.73;0.0;995.5146026872625;1460.00845;0.0
2025-10-02 12:00:00;N/A;119910.78;0.0;995.5146026872625;5099.16626;0.0
2025-10-02 16:00:00;N/A;120836.49;0.0;995.5146026872625;4869.11141;0.0
2025-10-02 20:00:00;N/A;120529.35;0.0;995.5146026872625;0.0;2282.83678
2025-10-03 00:00:00;N/A;120225.89;0.0;995.5146026872625;0.0;2268.65523
2025-10-03 04:00:00;N/A;119640.21;0.0;995.5146026872625;0.0;2293.91523
2025-10-03 08:00:00;N/A;120334.5;0.0;995.5146026872625;3467.40526;0.0
2025-10-03 12:00:00;N/A;122258.05;0.0;995.5146026872625;4929.42106;0.0
2025-10-03 16:00:00;N/A;122660.99;0.0;995.5146026872625;9447.66952;0.0
2025-10-03 20:00:00;N/A;122232.0;0.0;995.5146026872625;0.0;1529.2617
2025-10-04 00:00:00;N/A;122243.99;0.0;995.5146026872625;1730.5772;0.0
2025-10-04 04:00:00;N/A;122324.08;0.0;995.5146026872625;1516.17531;0.0
2025-10-04 08:00:00;N/A;121973.26;0.0;995.5146026872625;0.0;1268.73633
2025-10-04 12:00:00;N/A;121791.31;0.0;995.5146026872625;0.0;1464.05666
2025-10-04 16:00:00;N/A;121959.25;0.0;995.5146026872625;1443.23464;0.0
2025-10-04 20:00:00;N/A;122391.0;0.0;995.5146026872625;785.38664;0.0
2025-10-05 00:00:00;N/A;123776.22;0.0;995.5146026872625;4212.02615;0.0
2025-10-05 04:00:00;N/A;124713.63;0.0;995.5146026872625;7342.549203;0.0
2025-10-05 08:00:00;N/A;123464.64;0.0;995.5146026872625;0.0;4455.30964
2025-10-05 12:00:00;N/A;122803.17;0.0;995.5146026872625;0.0;2233.09004
2025-10-05 16:00:00;N/A;122591.79;0.0;995.5146026872625;0.0;2386.1605
2025-10-05 20:00:00;N/A;123482.31;0.0;995.5146026872625;1413.96202;0.0
2025-10-06 00:00:00;N/A;123839.09;0.0;995.5146026872625;3025.28443;0.0
2025-10-06 04:00:00;N/A;123390.47;0.0;995.5146026872625;0.0;2210.62835
2025-10-06 08:00:00;N/A;124215.0;0.0;995.5146026872625;2768.21181;0.0
2025-10-06 12:00:00;N/A;125000.0;0.0;995.5146026872625;4567.6948;0.0
2025-10-06 16:00:00;N/A;125410.81;0.0;995.5146026872625;4722.172353;0.0
2025-10-06 20:00:00;N/A;124658.54;0.0;995.5146026872625;0.0;2200.63705
2025-10-07 00:00:00;N/A;124329.74;0.0;995.5146026872625;0.0;1773.60979
2025-10-07 04:00:00;N/A;123667.99;0.0;995.5146026872625;0.0;2455.2259
2025-10-07 08:00:00;N/A;124453.38;0.0;995.5146026872625;2444.73415;0.0
2025-10-07 12:00:00;N/A;121846.01;0.0;995.5146026872625;0.0;7360.01455
2025-10-07 16:00:00;N/A;121637.17;0.0;995.5146026872625;0.0;5726.896
2025-10-07 20:00:00;N/A;121332.95;0.0;995.5146026872625;0.0;1873.51346
2025-10-08 00:00:00;N/A;121374.75;0.0;995.5146026872625;2406.76826;0.0
2025-10-08 04:00:00;N/A;121597.06;0.0;995.5146026872625;2670.85944;0.0
2025-10-08 08:00:00;N/A;122884.14;0.0;995.5146026872625;3408.74044;0.0
2025-10-08 12:00:00;N/A;122189.72;0.0;995.5146026872625;0.0;3373.3683
2025-10-08 16:00:00;N/A;123450.0;0.0;995.5146026872625;3795.53021;0.0
2025-10-08 20:00:00;N/A;123306.0;0.0;995.5146026872625;0.0;1357.35135
2025-10-09 00:00:00;N/A;122038.01;0.0;995.5146026872625;0.0;2319.17839
2025-10-09 04:00:00;N/A;121906.1;0.0;995.5146026872625;0.0;1451.1479
2025-10-09 08:00:00;N/A;122737.57;0.0;995.5146026872625;2689.44106;0.0
2025-10-09 12:00:00;N/A;121147.14;0.0;995.5146026872625;0.0;6566.062
2025-10-09 16:00:00;N/A;120951.72;0.0;995.5146026872625;0.0;6174.05969
2025-10-09 20:00:00;N/A;121662.4;0.0;995.5146026872625;2359.47103;0.0
2025-10-10 00:00:00;N/A;121026.01;0.0;995.5146026872625;0.0;2094.68145
2025-10-10 04:00:00;N/A;120932.05;0.0;995.5146026872625;0.0;2566.54979
2025-10-10 08:00:00;N/A;121554.55;0.0;995.5146026872625;1553.83694;0.0
2025-10-10 12:00:00;COMPRA;119018.98;0.0;995.5146026872625;0.0;7767.59253
2025-10-10 16:00:00;STOP LOSS;116661.5;-20.67385343389924;973.8452346506759;0.0;8454.54427
2025-10-10 20:00:00;COMPRA;112774.5;0.0;973.8452346506759;0.0;41734.73429
2025-10-11 00:00:00;N/A;112300.01;0.0;973.8452346506759;0.0;11533.52669
2025-10-11 04:00:00;STOP LOSS;110384.61;-21.569110337463826;951.3022790785614;0.0;7142.76272
2025-10-11 08:00:00;N/A;112280.0;0.0;951.3022790785614;5929.13992;0.0
2025-10-11 12:00:00;N/A;111793.2;0.0;951.3022790785614;0.0;3681.24351
2025-10-11 16:00:00;N/A;111178.31;0.0;951.3022790785614;0.0;3138.91159
2025-10-11 20:00:00;N/A;110644.4;0.0;951.3022790785614;0.0;4022.93209
2025-10-12 00:00:00;N/A;110676.0;0.0;951.3022790785614;4785.58424;0.0
2025-10-12 04:00:00;N/A;111525.2;0.0;951.3022790785614;2731.29761;0.0
2025-10-12 08:00:00;N/A;111848.36;0.0;951.3022790785614;2810.82095;0.0
2025-10-12 12:00:00;N/A;113198.2;0.0;951.3022790785614;9020.41664;0.0
2025-10-12 16:00:00;N/A;114342.28;0.0;951.3022790785614;6635.34892;0.0
2025-10-12 20:00:00;N/A;114958.8;0.0;951.3022790785614;6271.83436;0.0
2025-10-13 00:00:00;N/A;114821.12;0.0;951.3022790785614;0.0;4123.60858
2025-10-13 04:00:00;N/A;115399.67;0.0;951.3022790785614;3437.01313;0.0
2025-10-13 08:00:00;N/A;114180.0;0.0;951.3022790785614;0.0;4560.86246
2025-10-13 12:00:00;N/A;114312.1;0.0;951.3022790785614;5538.12887;0.0
2025-10-13 16:00:00;N/A;115792.84;0.0;951.3022790785614;3368.92301;0.0
2025-10-13 20:00:00;N/A;115166.0;0.0;951.3022790785614;0.0;1528.70428
2025-10-14 00:00:00;N/A;113500.0;0.0;951.3022790785614;0.0;3456.84461
2025-10-14 04:00:00;N/A;111724.41;0.0;951.3022790785614;0.0;6286.29915
2025-10-14 08:00:00;N/A;111313.98;0.0;951.3022790785614;0.0;5281.83478
2025-10-14 12:00:00;N/A;112900.43;0.0;951.3022790785614;7186.98731;0.0
2025-10-14 16:00:00;N/A;112613.7;0.0;951.3022790785614;0.0;7436.01163
2025-10-14 20:00:00;N/A;113028.14;0.0;951.3022790785614;2222.35226;0.0
2025-10-15 00:00:00;N/A;112024.29;0.0;951.3022790785614;0.0;3526.54912
2025-10-15 04:00:00;N/A;112584.5;0.0;951.3022790785614;3442.20374;0.0
2025-10-15 08:00:00;N/A;111905.73;0.0;951.3022790785614;0.0;3699.08334
2025-10-15 12:00:00;N/A;110798.01;0.0;951.3022790785614;0.0;6590.50038
2025-10-15 16:00:00;N/A;111271.73;0.0;951.3022790785614;3317.74779;0.0
2025-10-15 20:00:00;N/A;110763.28;0.0;951.3022790785614;0.0;2410.40374
2025-10-16 00:00:00;N/A;111329.48;0.0;951.3022790785614;2715.42468;0.0
2025-10-16 04:00:00;N/A;110584.2;0.0;951.3022790785614;0.0;3097.1426
2025-10-16 08:00:00;N/A;111404.72;0.0;951.3022790785614;5282.11808;0.0
2025-10-16 12:00:00;COMPRA;108549.21;0.0;951.3022790785614;0.0;8252.81169
2025-10-16 16:00:00;N/A;108197.66;0.0;951.3022790785614;0.0;8255.26892
2025-10-16 20:00:00;N/A;108194.28;0.0;951.3022790785614;0.0;2254.40655
2025-10-17 00:00:00;N/A;109176.74;0.0;951.3022790785614;2417.89309;0.0
2025-10-17 04:00:00;STOP LOSS;105633.75;-26.449749347004058;923.9012274524786;0.0;8020.07533
2025-10-17 08:00:00;COMPRA;105683.72;0.0;923.9012274524786;13908.33322;0.0
2025-10-17 12:00:00;N/A;106803.53;0.0;923.9012274524786;7847.34313;0.0
2025-10-17 16:00:00;N/A;106454.72;0.0;923.9012274524786;0.0;3916.46744
2025-10-17 20:00:00;N/A;106431.68;0.0;923.9012274524786;0.0;1810.55617
2025-10-18 00:00:00;N/A;107070.4;0.0;923.9012274524786;2668.3034;0.0
2025-10-18 04:00:00;N/A;106665.0;0.0;923.9012274524786;0.0;2976.33507
2025-10-18 08:00:00;N/A;107208.6;0.0;923.9012274524786;2336.72819;0.0
2025-10-18 12:00:00;N/A;106948.75;0.0;923.9012274524786;0.0;1425.61863
2025-10-18 16:00:00;N/A;107080.14;0.0;923.9012274524786;911.25891;0.0
2025-10-18 20:00:00;N/A;107185.01;0.0;923.9012274524786;804.94346;0.0
2025-10-19 00:00:00;N/A;107275.78;0.0;923.9012274524786;1058.1121;0.0
2025-10-19 04:00:00;N/A;106786.0;0.0;923.9012274524786;0.0;1247.19589
2025-10-19 08:00:00;N/A;107783.47;0.0;923.9012274524786;5059.55867;0.0
2025-10-19 12:00:00;N/A;108486.7;0.0;923.9012274524786;3636.47308;0.0
2025-10-19 16:00:00;N/A;108908.43;0.0;923.9012274524786;2430.56297;0.0
2025-10-19 20:00:00;N/A;108642.78;0.0;923.9012274524786;0.0;2048.76152
2025-10-20 00:00:00;VENDA;110145.44;38.004005274016095;960.9813314990422;3683.55508;0.0
2025-10-20 04:00:00;N/A;111169.92;0.0;960.9813314990422;3967.97672;0.0
2025-10-20 08:00:00;N/A;111016.75;0.0;960.9813314990422;0.0;3452.86704
2025-10-20 12:00:00;N/A;111144.55;0.0;960.9813314990422;3006.20504;0.0
2025-10-20 16:00:00;N/A;110803.22;0.0;960.9813314990422;0.0;3716.65669
2025-10-20 20:00:00;N/A;110532.09;0.0;960.9813314990422;0.0;1366.18103
2025-10-21 00:00:00;N/A;109059.22;0.0;960.9813314990422;0.0;2405.81342
2025-10-21 04:00:00;N/A;108086.37;0.0;960.9813314990422;0.0;4930.3268
2025-10-21 08:00:00;N/A;108580.01;0.0;960.9813314990422;2989.72657;0.0
2025-10-21 12:00:00;N/A;113422.61;0.0;960.9813314990422;10002.10737;0.0
2025-10-21 16:00:00;N/A;111780.39;0.0;960.9813314990422;0.0;10731.47816
2025-10-21 20:00:00;N/A;108297.67;0.0;960.9813314990422;0.0;6168.56427
2025-10-22 00:00:00;N/A;108216.02;0.0;960.9813314990422;0.0;4851.56459
2025-10-22 04:00:00;N/A;108321.63;0.0;960.9813314990422;3883.15964;0.0
2025-10-22 08:00:00;N/A;107555.05;0.0;960.9813314990422;0.0;4012.65986
2025-10-22 12:00:00;N/A;108416.5;0.0;960.9813314990422;7925.67327;0.0
2025-10-22 16:00:00;N/A;107870.35;0.0;960.9813314990422;0.0;4008.05438
2025-10-22 20:00:00;N/A;107567.44;0.0;960.9813314990422;0.0;3929.67277
2025-10-23 00:00:00;N/A;108377.96;0.0;960.9813314990422;2373.50317;0.0
2025-10-23 04:00:00;N/A;109269.9;0.0;960.9813314990422;3314.78585;0.0
2025-10-23 08:00:00;N/A;109253.89;0.0;960.9813314990422;0.0;2204.01103
2025-10-23 12:00:00;N/A;109908.28;0.0;960.9813314990422;4284.59025;0.0
2025-10-23 16:00:00;N/A;110200.0;0.0;960.9813314990422;3640.32069;0.0
2025-10-23 20:00:00;N/A;110078.18;0.0;960.9813314990422;0.0;1755.88195
2025-10-24 00:00:00;N/A;110441.46;0.0;960.9813314990422;1538.88446;0.0
2025-10-24 04:00:00;N/A;111054.61;0.0;960.9813314990422;2705.19443;0.0
2025-10-24 08:00:00;N/A;111066.29;0.0;960.9813314990422;1981.64658;0.0
2025-10-24 12:00:00;N/A;110046.91;0.0;960.9813314990422;0.0;5533.12257
2025-10-24 16:00:00;N/A;110615.07;0.0;960.9813314990422;1470.06782;0.0
2025-10-24 20:00:00;N/A;111004.89;0.0;960.9813314990422;1776.25327;0.0
2025-10-25 00:00:00;N/A;111029.99;0.0;960.9813314990422;829.34913;0.0
2025-10-25 04:00:00;N/A;111489.6;0.0;960.9813314990422;1417.09029;0.0
2025-10-25 08:00:00;N/A;111563.81;0.0;960.9813314990422;1378.18654;0.0
2025-10-25 12:00:00;N/A;111385.18;0.0;960.9813314990422;0.0;1254.08497
2025-10-25 16:00:00;N/A;111623.45;0.0;960.9813314990422;963.51944;0.0
2025-10-25 20:00:00;N/A;111646.27;0.0;960.9813314990422;565.73827;0.0
2025-10-26 00:00:00;N/A;111260.46;0.0;960.9813314990422;0.0;1026.78183
2025-10-26 04:00:00;N/A;111723.98;0.0;960.9813314990422;665.50994;0.0
2025-10-26 08:00:00;N/A;113286.09;0.0;960.9813314990422;2987.57218;0.0
2025-10-26 12:00:00;N/A;113694.97;0.0;960.9813314990422;3506.31151;0.0
2025-10-26 16:00:00;N/A;113585.99;0.0;960.9813314990422;0.0;1360.11589
2025-10-26 20:00:00;N/A;114559.4;0.0;960.9813314990422;3908.18602;0.0
2025-10-27 00:00:00;N/A;114958.51;0.0;960.9813314990422;3281.65267;0.0
2025-10-27 04:00:00;N/A;115554.6;0.0;960.9813314990422;5478.9455;0.0
2025-10-27 08:00:00;N/A;115362.02;0.0;960.9813314990422;0.0;3701.92326
2025-10-27 12:00:00;N/A;114969.68;0.0;960.9813314990422;0.0;4493.43933
2025-10-27 16:00:00;N/A;114942.64;0.0;960.9813314990422;0.0;2258.20754
2025-10-27 20:00:00;N/A;114107.65;0.0;960.9813314990422;0.0;2236.06411
2025-10-28 00:00:00;N/A;113908.24;0.0;960.9813314990422;0.0;2184.14279
2025-10-28 04:00:00;N/A;114188.37;0.0;960.9813314990422;2190.6787;0.0
2025-10-28 08:00:00;N/A;114357.73;0.0;960.9813314990422;1236.93368;0.0
2025-10-28 12:00:00;N/A;114641.38;0.0;960.9813314990422;4008.51256;0.0
2025-10-28 16:00:00;N/A;113689.99;0.0;960.9813314990422;0.0;2719.79536
2025-10-28 20:00:00;N/A;112898.45;0.0;960.9813314990422;0.0;3183.35948
2025-10-29 00:00:00;N/A;112523.49;0.0;960.9813314990422;0.0;2076.22141
2025-10-29 04:00:00;N/A;113577.9;0.0;960.9813314990422;2036.63326;0.0
2025-10-29 08:00:00;N/A;113132.36;0.0;960.9813314990422;0.0;1970.99326
2025-10-29 12:00:00;COMPRA;111509.74;0.0;960.9813314990422;0.0;4606.39611
2025-10-29 16:00:00;N/A;110640.0;0.0;960.9813314990422;0.0;7741.83881
2025-10-29 20:00:00;STOP LOSS;110021.29;-13.76171236305072;946.2586378044924;0.0;2647.63091
2025-10-30 00:00:00;N/A;110751.47;0.0;946.2586378044924;2342.18582;0.0
2025-10-30 04:00:00;N/A;111366.72;0.0;946.2586378044924;6581.76635;0.0
2025-10-30 08:00:00;N/A;109717.29;0.0;946.2586378044924;0.0;2970.54213
2025-10-30 12:00:00;COMPRA;107711.56;0.0;946.2586378044924;0.0;6544.11088
2025-10-30 16:00:00;STOP LOSS;106536.39;-11.248680428767784;934.0636987379203;0.0;4367.26208
2025-10-30 20:00:00;N/A;108322.88;0.0;934.0636987379203;3182.96112;0.0
2025-10-31 00:00:00;N/A;109227.86;0.0;934.0636987379203;4174.2813;0.0
2025-10-31 04:00:00;N/A;109449.31;0.0;934.0636987379203;3598.46922;0.0
2025-10-31 08:00:00;N/A;110415.61;0.0;934.0636987379203;2439.82294;0.0
2025-10-31 12:00:00;N/A;110202.9;0.0;934.0636987379203;0.0;6113.3169
2025-10-31 16:00:00;N/A;109828.78;0.0;934.0636987379203;0.0;3864.41061
2025-10-31 20:00:00;N/A;109608.01;0.0;934.0636987379203;0.0;1327.90342
2025-11-01 00:00:00;N/A;110226.37;0.0;934.0636987379203;1329.53082;0.0
2025-11-01 04:00:00;N/A;110071.4;0.0;934.0636987379203;0.0;1273.91172
2025-11-01 08:00:00;N/A;110137.59;0.0;934.0636987379203;1127.98746;0.0
2025-11-01 12:00:00;N/A;110310.65;0.0;934.0636987379203;1527.00509;0.0
2025-11-01 16:00:00;N/A;110299.99;0.0;934.0636987379203;0.0;1247.33562
2025-11-01 20:00:00;N/A;110098.1;0.0;934.0636987379203;0.0;872.7336
2025-11-02 00:00:00;N/A;110053.23;0.0;934.0636987379203;0.0;856.27323
2025-11-02 04:00:00;N/A;110895.53;0.0;934.0636987379203;4429.20302;0.0
2025-11-02 08:00:00;N/A;111196.99;0.0;934.0636987379203;2428.29839;0.0
2025-11-02 12:00:00;N/A;110117.48;0.0;934.0636987379203;0.0;1689.37947
2025-11-02 16:00:00;N/A;110180.84;0.0;934.0636987379203;1185.47603;0.0
2025-11-02 20:00:00;N/A;110540.68;0.0;934.0636987379203;1518.37073;0.0
2025-11-03 00:00:00;COMPRA;107937.45;0.0;934.0636987379203;0.0;3966.5295
2025-11-03 04:00:00;N/A;107468.23;0.0;934.0636987379203;0.0;3863.52296
2025-11-03 08:00:00;N/A;107787.42;0.0;934.0636987379203;3470.56341;0.0
2025-11-03 12:00:00;STOP LOSS;105745.71;-19.86198490032905;913.2676501388532;0.0;6164.15776
2025-11-03 16:00:00;N/A;107090.0;0.0;913.2676501388532;7788.41484;0.0
2025-11-03 20:00:00;N/A;106583.04;0.0;913.2676501388532;0.0;3427.99932
2025-11-04 00:00:00;N/A;107158.79;0.0;913.2676501388532;4088.97853;0.0
2025-11-04 04:00:00;COMPRA;104490.72;0.0;913.2676501388532;0.0;8029.86674
2025-11-04 08:00:00;N/A;104584.76;0.0;913.2676501388532;5321.10046;0.0
2025-11-04 12:00:00;STOP LOSS;103197.01;-12.197008810951957;900.1573736777625;0.0;7422.89891
2025-11-04 16:00:00;COMPRA;100542.64;0.0;900.1573736777625;0.0;13452.93585
2025-11-04 20:00:00;N/A;101497.22;0.0;900.1573736777625;12219.09327;0.0
2025-11-05 00:00:00;N/A;102130.0;0.0;900.1573736777625;11012.84461;0.0
2025-11-05 04:00:00;N/A;101993.02;0.0;900.1573736777625;0.0;4661.84078
2025-11-05 08:00:00;N/A;102070.61;0.0;900.1573736777625;3577.50149;0.0
2025-11-05 12:00:00;N/A;103728.3;0.0;900.1573736777625;6345.91865;0.0
2025-11-05 16:00:00;N/A;104008.09;0.0;900.1573736777625;5492.77185;0.0
2025-11-05 20:00:00;N/A;103885.16;0.0;900.1573736777625;0.0;2687.89833
2025-11-06 00:00:00;N/A;103636.03;0.0;900.1573736777625;0.0;3781.79437
2025-11-06 04:00:00;N/A;103185.48;0.0;900.1573736777625;0.0;2970.86552
2025-11-06 08:00:00;N/A;103227.58;0.0;900.1573736777625;2657.25315;0.0
2025-11-06 12:00:00;TRAILING STOP;102014.48;12.251771824745106;911.5089881288297;0.0;6680.54627
2025-11-06 16:00:00;N/A;101388.81;0.0;911.5089881288297;0.0;6059.2639
2025-11-06 20:00:00;N/A;101346.04;0.0;911.5089881288297;0.0;3664.89818
2025-11-07 00:00:00;N/A;101916.29;0.0;911.5089881288297;3965.61372;0.0
2025-11-07 04:00:00;N/A;102010.0;0.0;911.5089881288297;3062.61099;0.0
2025-11-07 08:00:00;N/A;100411.89;0.0;911.5089881288297;0.0;6600.41114
2025-11-07 12:00:00;N/A;100797.95;0.0;911.5089881288297;8633.01674;0.0
2025-11-07 16:00:00;N/A;103395.25;0.0;911.5089881288297;6836.56812;0.0
2025-11-07 20:00:00;N/A;103339.08;0.0;911.5089881288297;0.0;2961.28871
2025-11-08 00:00:00;N/A;102592.76;0.0;911.5089881288297;0.0;2401.80651
2025-11-08 04:00:00;N/A;102352.96;0.0;911.5089881288297;0.0;2041.96251
2025-11-08 08:00:00;N/A;101857.1;0.0;911.5089881288297;0.0;1838.21057
2025-11-08 12:00:00;N/A;101711.45;0.0;911.5089881288297;0.0;3063.13156
2025-11-08 16:00:00;N/A;101989.65;0.0;911.5089881288297;2120.40711;0.0
2025-11-08 20:00:00;N/A;102312.94;0.0;911.5089881288297;925.26159;0.0
2025-11-09 00:00:00;N/A;101662.05;0.0;911.5089881288297;0.0;2156.33613
2025-11-09 04:00:00;N/A;101944.59;0.0;911.5089881288297;1101.66332;0.0
2025-11-09 08:00:00;N/A;102239.41;0.0;911.5089881288297;1825.56978;0.0
2025-11-09 12:00:00;N/A;103762.17;0.0;911.5089881288297;4687.64884;0.0
2025-11-09 16:00:00;N/A;104805.57;0.0;911.5089881288297;2824.51417;0.0
2025-11-09 20:00:00;N/A;104722.96;0.0;911.5089881288297;0.0;3743.23872
2025-11-10 00:00:00;N/A;106027.97;0.0;911.5089881288297;6501.34292;0.0
2025-11-10 04:00:00;N/A;106461.45;0.0;911.5089881288297;2684.13909;0.0
2025-11-10 08:00:00;N/A;106176.5;0.0;911.5089881288297;0.0;2356.44228
2025-11-10 12:00:00;N/A;105079.99;0.0;911.5089881288297;0.0;5720.78074
2025-11-10 16:00:00;N/A;105817.99;0.0;911.5089881288297;2756.40939;0.0
2025-11-10 20:00:00;N/A;106011.13;0.0;911.5089881288297;2663.14231;0.0
2025-11-11 00:00:00;N/A;106456.0;0.0;911.5089881288297;4935.02762;0.0
2025-11-11 04:00:00;N/A;104783.98;0.0;911.5089881288297;0.0;3316.23424
2025-11-11 08:00:00;N/A;105311.9;0.0;911.5089881288297;1804.62899;0.0
2025-11-11 12:00:00;N/A;103455.99;0.0;911.5089881288297;0.0;8851.069
2025-11-11 16:00:00;N/A;103126.39;0.0;911.5089881288297;0.0;2547.95909
2025-11-11 20:00:00;N/A;103058.99;0.0;911.5089881288297;0.0;2741.58824
2025-11-12 00:00:00;N/A;103310.0;0.0;911.5089881288297;2672.05561;0.0
2025-11-12 04:00:00;N/A;103112.66;0.0;911.5089881288297;0.0;2165.62446
2025-11-12 08:00:00;N/A;105020.83;0.0;911.5089881288297;3543.70691;0.0
2025-11-12 12:00:00;N/A;102173.51;0.0;911.5089881288297;0.0;5192.00313
2025-11-12 16:00:00;COMPRA;101297.31;0.0;911.5089881288297;0.0;4869.26591
2025-11-12 20:00:00;N/A;101654.37;0.0;911.5089881288297;2014.98304;0.0
2025-11-13 00:00:00;N/A;102130.21;0.0;911.5089881288297;3586.47221;0.0
2025-11-13 04:00:00;N/A;103475.66;0.0;911.5089881288297;4325.82278;0.0
2025-11-13 08:00:00;N/A;102936.5;0.0;911.5089881288297;0.0;3138.63943
2025-11-13 12:00:00;STOP LOSS;101382.64;-0.14430287948960085;910.4531762612113;0.0;6264.43277
2025-11-13 16:00:00;COMPRA;98682.14;0.0;910.4531762612113;0.0;12921.08077
2025-11-13 20:00:00;N/A;99692.02;0.0;910.4531762612113;5962.05975;0.0
2025-11-14 00:00:00;N/A;99139.38;0.0;910.4531762612113;0.0;5839.81569
2025-11-14 04:00:00;STOP LOSS;97151.98;-14.998760359250127;894.5439627257001;0.0;11116.73192
2025-11-14 08:00:00;COMPRA;96167.44;0.0;894.5439627257001;0.0;5255.60132
2025-11-14 12:00:00;N/A;96796.14;0.0;894.5439627257001;14312.72078;0.0
2025-11-14 16:00:00;STOP LOSS;95778.29;-4.506264121205959;889.1431546417684;0.0;5605.64502
2025-11-14 20:00:00;COMPRA;94594.0;0.0;889.1431546417684;0.0;5157.63008
2025-11-15 00:00:00;N/A;96417.12;0.0;889.1431546417684;4376.79077;0.0
2025-11-15 04:00:00;N/A;96333.86;0.0;889.1431546417684;0.0;2543.94362
2025-11-15 08:00:00;N/A;95696.87;0.0;889.1431546417684;0.0;2336.22638
2025-11-15 12:00:00;N/A;96260.0;0.0;889.1431546417684;1987.28578;0.0
2025-11-15 16:00:00;N/A;96012.01;0.0;889.1431546417684;0.0;1880.65231
2025-11-15 20:00:00;N/A;95596.24;0.0;889.1431546417684;0.0;1985.99505
2025-11-16 00:00:00;N/A;95825.02;0.0;889.1431546417684;1896.67006;0.0
2025-11-16 04:00:00;N/A;96099.99;0.0;889.1431546417684;1279.33932;0.0
2025-11-16 08:00:00;N/A;95627.13;0.0;889.1431546417684;0.0;2585.38054
2025-11-16 12:00:00;STOP LOSS;94573.46;-1.0809352878740128;887.1730761992527;0.0;2546.31874
2025-11-16 16:00:00;N/A;94020.0;0.0;887.1730761992527;0.0;9045.25375
2025-11-16 20:00:00;N/A;94261.44;0.0;887.1730761992527;6536.44269;0.0
2025-11-17 00:00:00;N/A;95496.77;0.0;887.1730761992527;4124.53725;0.0
2025-11-17 04:00:00;N/A;95653.77;0.0;887.1730761992527;3839.84656;0.0
2025-11-17 08:00:00;N/A;95565.38;0.0;887.1730761992527;0.0;3415.65942
2025-11-17 12:00:00;COMPRA;93959.67;0.0;887.1730761992527;0.0;8085.63652
2025-11-17 16:00:00;STOP LOSS;91678.93;-22.378127274832764;863.9077758482207;0.0;11700.57582
2025-11-17 20:00:00;COMPRA;92215.14;0.0;863.9077758482207;8052.34249;0.0
2025-11-18 00:00:00;STOP LOSS;90842.72;-13.694713448083462;849.349154624289;0.0;10647.23561
2025-11-18 04:00:00;COMPRA;90512.1;0.0;849.349154624289;0.0;9028.06735
2025-11-18 08:00:00;N/A;91517.82;0.0;849.349154624289;5777.46408;0.0
2025-11-18 12:00:00;N/A;92910.1;0.0;849.349154624289;7097.51563;0.0
2025-11-18 16:00:00;N/A;93195.61;0.0;849.349154624289;4917.36921;0.0
2025-11-18 20:00:00;N/A;92960.83;0.0;849.349154624289;0.0;2367.49581
2025-11-19 00:00:00;TRAILING STOP;91874.52;11.910646119362582;860.4104515890274;0.0;3065.15376
2025-11-19 04:00:00;N/A;91863.64;0.0;860.4104515890274;0.0;5635.23952
2025-11-19 08:00:00;N/A;91410.22;0.0;860.4104515890274;0.0;2540.86239
2025-11-19 12:00:00;N/A;89951.7;0.0;860.4104515890274;0.0;6014.09197
2025-11-19 16:00:00;COMPRA;88884.56;0.0;860.4104515890274;0.0;8787.19485
2025-11-19 20:00:00;N/A;91554.96;0.0;860.4104515890274;6244.09511;0.0
2025-11-20 00:00:00;N/A;92440.32;0.0;860.4104515890274;3929.05974;0.0
2025-11-20 04:00:00;N/A;92320.18;0.0;860.4104515890274;0.0;3791.89
2025-11-20 08:00:00;N/A;91934.0;0.0;860.4104515890274;0.0;3200.83736
2025-11-20 12:00:00;TRAILING STOP;89869.88;8.659368820440022;868.2094099578783;0.0;6162.85424
2025-11-20 16:00:00;COMPRA;86921.28;0.0;868.2094099578783;0.0;17595.68288
2025-11-20 20:00:00;N/A;86637.23;0.0;868.2094099578783;0.0;5052.86651
2025-11-21 00:00:00;STOP LOSS;85821.34;-11.83208144425521;855.5091191036652;0.0;6428.51913
2025-11-21 04:00:00;COMPRA;84049.39;0.0;855.5091191036652;0.0;14205.49105
2025-11-21 08:00:00;STOP LOSS;82309.66;-18.527353654250646;836.1262563303109;0.0;16184.92659
2025-11-21 12:00:00;N/A;82932.47;0.0;836.1262563303109;23041.35364;0.0
2025-11-21 16:00:00;N/A;84209.3;0.0;836.1262563303109;8107.54282;0.0
2025-11-21 20:00:00;N/A;85129.43;0.0;836.1262563303109;4288.29356;0.0
2025-11-22 00:00:00;N/A;84440.47;0.0;836.1262563303109;0.0;2923.21557
2025-11-22 04:00:00;N/A;84580.06;0.0;836.1262563303109;2218.31844;0.0
2025-11-22 08:00:00;N/A;84098.94;0.0;836.1262563303109;0.0;3342.45829
2025-11-22 12:00:00;N/A;84284.01;0.0;836.1262563303109;2668.44444;0.0
2025-11-22 16:00:00;N/A;84609.76;0.0;836.1262563303109;1351.08151;0.0
2025-11-22 20:00:00;N/A;84739.74;0.0;836.1262563303109;1690.41438;0.0
2025-11-23 00:00:00;N/A;86308.54;0.0;836.1262563303109;4004.15131;0.0
2025-11-23 04:00:00;N/A;85782.19;0.0;836.1262563303109;0.0;2913.01357
2025-11-23 08:00:00;N/A;86331.28;0.0;836.1262563303109;2087.40357;0.0
2025-11-23 12:00:00;N/A;87087.44;0.0;836.1262563303109;3471.36676;0.0
2025-11-23 16:00:00;N/A;87325.01;0.0;836.1262563303109;3711.9574;0.0
2025-11-23 20:00:00;N/A;86830.0;0.0;836.1262563303109;0.0;3546.57157
2025-11-24 00:00:00;N/A;87460.02;0.0;836.1262563303109;4318.16094;0.0
2025-11-24 04:00:00;N/A;87050.39;0.0;836.1262563303109;0.0;3276.3396
2025-11-24 08:00:00;N/A;86264.72;0.0;836.1262563303109;0.0;3484.50939
2025-11-24 12:00:00;N/A;86616.44;0.0;836.1262563303109;4635.50962;0.0
2025-11-24 16:00:00;N/A;88327.29;0.0;836.1262563303109;6003.91247;0.0
2025-11-24 20:00:00;N/A;88300.01;0.0;836.1262563303109;0.0;2944.69593
2025-11-25 00:00:00;N/A;87822.12;0.0;836.1262563303109;0.0;2506.39849
2025-11-25 04:00:00;N/A;87384.81;0.0;836.1262563303109;0.0;3032.60485
2025-11-25 08:00:00;N/A;87361.71;0.0;836.1262563303109;0.0;3402.11161
2025-11-25 12:00:00;N/A;86988.94;0.0;836.1262563303109;0.0;4897.6285
2025-11-25 16:00:00;N/A;86882.85;0.0;836.1262563303109;0.0;3228.35208
2025-11-25 20:00:00;N/A;87369.96;0.0;836.1262563303109;2499.94557;0.0
2025-11-26 00:00:00;N/A;87119.92;0.0;836.1262563303109;0.0;2235.2732
2025-11-26 04:00:00;N/A;87935.05;0.0;836.1262563303109;1828.65169;0.0
2025-11-26 08:00:00;N/A;87095.79;0.0;836.1262563303109;0.0;2199.53135
2025-11-26 12:00:00;N/A;86978.0;0.0;836.1262563303109;0.0;4198.26229
2025-11-26 16:00:00;N/A;89957.36;0.0;836.1262563303109;7510.43418;0.0
2025-11-26 20:00:00;N/A;90484.02;0.0;836.1262563303109;3703.66968;0.0
2025-11-27 00:00:00;N/A;91091.68;0.0;836.1262563303109;5743.81731;0.0
2025-11-27 04:00:00;N/A;91408.34;0.0;836.1262563303109;2443.78349;0.0
2025-11-27 08:00:00;N/A;91371.88;0.0;836.1262563303109;0.0;2353.99141
2025-11-27 12:00:00;N/A;90958.3;0.0;836.1262563303109;0.0;2921.51001
2025-11-27 16:00:00;N/A;91528.21;0.0;836.1262563303109;2279.61546;0.0
2025-11-27 20:00:00;N/A;91333.95;0.0;836.1262563303109;0.0;1090.79164
2025-11-28 00:00:00;N/A;91208.85;0.0;836.1262563303109;0.0;1930.05393
2025-11-28 04:00:00;N/A;90910.87;0.0;836.1262563303109;0.0;1873.92377
2025-11-28 08:00:00;N/A;91437.64;0.0;836.1262563303109;3175.31997;0.0
2025-11-28 12:00:00;N/A;92362.49;0.0;836.1262563303109;5046.613;0.0
2025-11-28 16:00:00;N/A;91157.44;0.0;836.1262563303109;0.0;5779.19663
2025-11-28 20:00:00;N/A;90890.7;0.0;836.1262563303109;0.0;1025.75282
2025-11-29 00:00:00;N/A;90680.26;0.0;836.1262563303109;0.0;940.81817
2025-11-29 04:00:00;N/A;90567.67;0.0;836.1262563303109;0.0;1229.54953
2025-11-29 08:00:00;N/A;90673.19;0.0;836.1262563303109;957.44805;0.0
2025-11-29 12:00:00;N/A;91063.5;0.0;836.1262563303109;1148.02698;0.0
2025-11-29 16:00:00;N/A;90640.78;0.0;836.1262563303109;0.0;2192.51887
2025-11-29 20:00:00;N/A;90802.44;0.0;836.1262563303109;961.52131;0.0
2025-11-30 00:00:00;N/A;90909.35;0.0;836.1262563303109;1115.17062;0.0
2025-11-30 04:00:00;N/A;90968.16;0.0;836.1262563303109;549.91781;0.0
2025-11-30 08:00:00;N/A;91048.78;0.0;836.1262563303109;2515.69204;0.0
2025-11-30 12:00:00;N/A;91435.31;0.0;836.1262563303109;2629.14986;0.0
2025-11-30 16:00:00;N/A;91460.79;0.0;836.1262563303109;1049.01646;0.0
2025-11-30 20:00:00;N/A;90360.0;0.0;836.1262563303109;0.0;1828.79496
2025-12-01 00:00:00;COMPRA;86346.13;0.0;836.1262563303109;0.0;10249.65966
2025-12-01 04:00:00;N/A;86550.3;0.0;836.1262563303109;4937.16707;0.0
2025-12-01 08:00:00;N/A;86149.15;0.0;836.1262563303109;0.0;3005.76787
2025-12-01 12:00:00;STOP LOSS;84677.87;-16.95746759517681;818.3326624788039;0.0;8124.37241
2025-12-01 16:00:00;COMPRA;85024.5;0.0;818.3326624788039;4598.10295;0.0
2025-12-01 20:00:00;N/A;86286.01;0.0;818.3326624788039;3593.94231;0.0
2025-12-02 00:00:00;N/A;86976.99;0.0;818.3326624788039;3245.81604;0.0
2025-12-02 04:00:00;N/A;87012.65;0.0;818.3326624788039;1733.23534;0.0
2025-12-02 08:00:00;N/A;87368.92;0.0;818.3326624788039;3361.03567;0.0
2025-12-02 12:00:00;N/A;90850.01;0.0;818.3326624788039;9300.50019;0.0
2025-12-02 16:00:00;N/A;91903.39;0.0;818.3326624788039;6152.68006;0.0
2025-12-02 20:00:00;N/A;91277.88;0.0;818.3326624788039;0.0;4416.96002
2025-12-03 00:00:00;N/A;92628.91;0.0;818.3326624788039;4425.07634;0.0
2025-12-03 04:00:00;N/A;92999.99;0.0;818.3326624788039;4546.45939;0.0
2025-12-03 08:00:00;N/A;93005.68;0.0;818.3326624788039;2770.10259;0.0
2025-12-03 12:00:00;N/A;92373.3;0.0;818.3326624788039;0.0;6523.23972
2025-12-03 16:00:00;N/A;93024.99;0.0;818.3326624788039;3624.68485;0.0
2025-12-03 20:00:00;N/A;93429.95;0.0;818.3326624788039;3822.96296;0.0
2025-12-04 00:00:00;N/A;93543.04;0.0;818.3326624788039;3844.7002;0.0
2025-12-04 04:00:00;N/A;93397.67;0.0;818.3326624788039;0.0;3070.50786
2025-12-04 08:00:00;N/A;92948.31;0.0;818.3326624788039;0.0;1917.02375
2025-12-04 12:00:00;N/A;92971.49;0.0;818.3326624788039;4296.15789;0.0
2025-12-04 16:00:00;TRAILING STOP;91975.44;65.94924775214588;883.4635775684708;0.0;4860.7112
2025-12-04 20:00:00;N/A;92078.06;0.0;883.4635775684708;1814.83969;0.0
2025-12-05 00:00:00;N/A;92142.75;0.0;883.4635775684708;1751.29187;0.0
2025-12-05 04:00:00;N/A;92258.65;0.0;883.4635775684708;1387.19156;0.0
